ds,yhat,yhat_lower,yhat_upper
2018-01-02,11.3715480352311,-9.151843215626755,31.12302815359396
2018-01-03,13.472696771524275,-6.763705447901828,34.20965209354159
2018-01-04,14.992475805059172,-4.582804735006513,35.13383904285163
2018-01-05,16.4781397999302,-2.7640134055756307,38.26429560225385
2018-01-08,21.979763119523813,1.2724763889354882,41.31739689425777
2018-01-09,23.18002640486383,4.710538811343004,42.98856436946814
2018-01-10,24.72647678724215,3.928926213943451,45.03572868839892
2018-01-11,25.609726995953153,7.289534314920025,46.585820263165665
2018-01-12,26.390512033614826,5.714275363356226,46.521422789559914
2018-01-16,29.89028923859739,8.705644804225837,49.71102425721623
2018-01-17,30.618053312271698,10.981929545090312,51.21183949262798
2018-01-18,30.705031198267818,11.187948877246324,51.86795328134691
2018-01-19,30.72509183032544,10.353085027066083,52.3857489336109
2018-01-22,31.889812192649103,12.670200808317476,53.16049267624297
2018-01-23,31.742475619650136,11.714464334817848,52.40441818906381
2018-01-24,32.02368380141937,10.890109294729044,52.73650374447329
2018-01-25,31.739674508554373,11.917521025604064,51.93786402828498
2018-01-26,31.463406696604444,12.825929703579316,51.49749319957905
2018-01-29,32.1472319361468,11.471511533170242,52.72283646808019
2018-01-30,31.953399708303486,11.843573017701827,49.85122717930395
2018-01-31,32.230303406744305,12.67528582930503,53.247502106779244
2018-02-01,31.97382255702132,11.829901219832994,52.481056190371284
2018-02-02,31.74599983972123,11.503658278977285,51.503925068119976
2018-02-05,32.59040354769733,12.562043951424425,51.54646499132258
2018-02-06,32.42042666521864,12.610865678846425,52.12252726110831
2018-02-07,32.69106909841436,13.275577380968175,51.30051469039768
2018-02-08,32.39087085676297,12.337934728982086,53.8001727505018
2018-02-09,32.07606181168961,12.650804983678473,52.12681415714353
2018-02-12,32.36757044952651,11.661112998552694,52.4107399739276
2018-02-13,31.914275187090524,11.679111428487007,52.57305395784906
2018-02-14,31.85574258300111,11.897565848323662,50.789375044428326
2018-02-15,31.18524276900272,10.827904163610786,52.27628467394591
2018-02-16,30.465223675135135,10.17122232857589,50.225444636624125
2018-02-20,28.497590328824558,6.8313412686764785,49.5207817089339
2018-02-21,27.988601614019387,7.173071394516816,47.016757124644045
2018-02-22,26.887829205742005,6.72872229249196,48.120932540230264
2018-02-23,25.767225958075805,6.106024788205852,46.65109958801661
2018-02-26,23.77352376923262,3.1959927636780376,44.41519724462925
2018-02-27,22.655737825615425,3.487230501683334,43.042404634041596
2018-02-28,22.005655527813644,2.197801181901188,43.04521999815944
2018-03-01,20.82889284144457,0.2654120722375425,40.45047952565201
2018-03-02,19.698253381424593,-1.77953388035197,39.28436171749871
2018-03-05,18.055211967557298,-2.342934222319249,39.18978389007352
2018-03-06,17.16901343065075,-3.6066902320669048,38.54960467113203
2018-03-07,16.798626931236154,-4.849287295437881,36.999682714789195
2018-03-08,15.942638096170672,-3.8525912735671275,34.33310561159313
2018-03-09,15.166143703301238,-6.085815184902566,35.11599641931857
2018-03-12,14.70381162634026,-5.380386995192923,36.29899567596297
2018-03-13,14.223446141472007,-5.905453709175861,35.013379829339264
2018-03-14,14.252380245065622,-7.159811437348641,35.08105840014555
2018-03-15,13.782641972271428,-6.494844833629031,33.49681155258075
2018-03-16,13.373718715790954,-7.304354268906135,34.91681028452207
2018-03-19,13.862859532391372,-6.492295230394287,34.194088258072625
2018-03-20,13.642344562532017,-6.859607803027961,33.70823083206656
2018-03-21,13.902164554030694,-7.07836547782354,35.006340040288514
2018-03-22,13.635952821610498,-7.671001761027829,32.86333734021548
2018-03-23,13.405859153459932,-7.629120333504844,33.84722689351394
2018-03-26,14.322466243528273,-6.620240714858403,35.43051114775485
2018-03-27,14.223966590278025,-6.73258615823136,34.88360840721665
2018-03-28,14.604135934751081,-5.4306381308675125,34.59184986004634
2018-03-29,14.461644398321338,-4.813111629078815,34.487589862133554
2018-04-02,15.759305283625626,-4.6517327048663,36.77825701718831
2018-04-03,15.856057549707316,-5.037047761623959,35.77227104858289
2018-04-04,16.450092487378257,-3.630873349434384,37.3046991341163
2018-04-05,16.5387644922061,-4.307590296631401,37.77625837253076
2018-04-06,16.6862721698526,-3.1478945421612297,36.23218500486113
2018-04-09,18.864439162407194,-0.8525681153080797,38.180017869914785
2018-04-10,19.216961653736114,-1.776926402335108,38.56198749471204
2018-04-11,20.052361070047546,-0.6054544674088266,39.4913979493998
2018-04-12,20.360045980253464,-0.7890994999167353,39.5560355352933
2018-04-13,20.69609631216516,0.9602932743134855,41.151555249012006
2018-04-16,23.178530747924015,2.825785867967689,42.148064235325165
2018-04-17,23.52202806225464,2.5893905209316355,43.79273058707988
2018-04-18,24.283828569821686,4.006760576199582,45.033291986806375
2018-04-19,24.449603638222705,2.937131277139412,45.27013296907013
2018-04-20,24.573212303402258,4.6397619125963265,45.29921986851422
2018-04-23,25.99829780178284,6.619886785434983,45.88975343924637
2018-04-24,25.859289952013782,5.539867703984101,45.23977812084394
2018-04-25,26.082965431650898,6.06975662318902,47.658027534827895
2018-04-26,25.66314470711057,4.545197883495708,47.90124623273557
2018-04-27,25.163308516930304,3.9087812856602184,45.32401975968823
2018-04-30,24.604737751761824,4.478947017470059,45.482714296576674
2018-05-01,23.808659771572106,4.397919748361297,43.493973270449075
2018-05-02,23.399244445340955,4.262943984997854,44.75835569715432
2018-05-03,22.383340637407446,1.8829961539373155,41.39297200994425
2018-05-04,21.3369169040629,-0.2010230668545995,42.55442497122343
2018-05-07,19.545681511035262,-0.2237249789083002,39.45806925936955
2018-05-08,18.504207340104134,-0.7231819922445842,40.411376045259594
2018-05-09,17.9427392520156,-2.5246353646407034,37.11679693027141
2018-05-10,16.871520592686167,-3.774212577542881,37.523500205851434
2018-05-11,15.8677755030462,-4.555295440277261,36.14520272585828
2018-05-14,14.772511192984798,-5.532827360176484,35.50551466858509
2018-05-15,14.135173098533443,-5.392076161051112,34.51506434232098
2018-05-16,14.050530845196235,-7.2056721441679015,33.487508487602305
2018-05-17,13.51832952226389,-8.491533810919302,32.614589213585006
2018-05-18,13.104007937627713,-6.59970401418906,34.23737338775257
2018-05-21,13.948860352831147,-7.779882787841854,33.68462726373346
2018-05-22,13.638400665540082,-7.182811511972312,33.64211682753572
2018-05-23,13.864183998811342,-6.244373453764255,33.68520232802791
2018-05-24,13.613424439065675,-6.244780938558046,34.67078619178737
2018-05-25,13.440089033808633,-7.324794928527291,33.70657897391305
2018-05-29,14.688166915327827,-6.214096952440318,35.414073119256855
2018-05-30,15.167123812164377,-4.706178511582122,36.24570238696091
2018-05-31,15.095523430796305,-5.970836637582087,36.921818585187566
2018-06-01,15.028748703830935,-6.793797571091373,35.607442711689636
2018-06-04,16.187992260301442,-5.638275204533966,35.656457087298676
2018-06-05,16.071892391525104,-4.612930113671535,35.66071642753574
2018-06-06,16.379607782641024,-3.588570016846345,37.2066795457968
2018-06-07,16.10813074355299,-4.284473351652164,36.61568169035514
2018-06-08,15.82382609384905,-4.710244356047778,35.0222555064848
2018-06-11,16.335626652049022,-3.6471348236068772,38.26336983063813
2018-06-12,16.04053819136341,-4.062660695634907,35.246883463132555
2018-06-13,16.203181587474013,-3.6841262415472573,36.74468863698316
2018-06-14,15.828036942945545,-4.827579830783463,35.92592229876671
2018-06-15,15.487426505699538,-5.280493112905273,36.208913478799296
2018-06-18,16.147920645176,-5.1070937503022416,36.50197443357809
2018-06-19,16.010141271401224,-3.8833514866154006,35.61975640009843
2018-06-20,16.380247643219285,-3.4993142428711517,35.74770180096561
2018-06-21,16.257840435317725,-5.970981125268504,36.040699801270534
2018-06-22,16.208792748506234,-3.4599120849244462,35.73181966342245
2018-06-25,17.89344671819699,-2.880694958644012,38.12351906322427
2018-06-26,18.11457800621541,-0.9198763781514632,38.111907936725295
2018-06-27,18.83501962293618,-1.7698822535632375,39.74355932958669
2018-06-28,19.043926911493628,-0.5777019222461456,38.42025325615685
2018-06-29,19.29714968677277,-0.5571410442100357,40.485143227696256
2018-07-02,21.626766460578487,1.285064465109917,41.63869949374496
2018-07-03,21.952481978451324,1.503140626715382,41.453926534917684
2018-07-05,22.90005079573867,2.620584371770219,41.81659764415927
2018-07-06,23.064672140603825,3.4665056413115654,43.407559958697924
2018-07-09,24.763341321716283,5.116950977410401,45.63538216603729
2018-07-10,24.354174249071463,3.8764624912498813,44.71215691504458
2018-07-11,24.341881362490685,4.9737374521641,44.27801040946262
2018-07-12,23.723064442325704,3.9466729264830884,43.77536989891762
2018-07-13,23.06380091959752,2.9073896724494053,43.5591618268922
2018-07-16,22.28507080563533,2.025323571913414,41.60892743883398
2018-07-17,21.50600696218242,1.3450339294835167,41.54113755740285
2018-07-18,21.15936325218304,1.3597456587831196,40.629886813277146
2018-07-19,20.251179512857874,-0.9269990393581902,40.68805948497941
2018-07-20,19.35577527342881,0.016315278126141777,39.47430255823276
2018-07-23,18.247941303898195,-3.3203387416440617,38.111738647727435
2018-07-24,17.49702445987738,-2.040324613907701,38.324941280095636
2018-07-25,17.248554128383645,-3.724911970780828,38.85885284157609
2018-07-26,16.506430827143326,-1.7070511063160443,37.735789028771336
2018-07-27,15.841041468827981,-5.875829993097699,36.36804804978616
2018-07-30,15.743631047455871,-5.307736826684387,37.25474949406629
2018-07-31,15.408562797831813,-4.192971250813943,34.886785587061325
2018-08-01,15.599121933874223,-4.829251701265323,35.69539815110733
2018-08-02,15.308515118540377,-5.215779980047077,35.28364639966511
2018-08-03,15.096263883377247,-5.482159834089629,34.718624169241004
2018-08-06,16.26316990325619,-4.07229317150828,36.94504549700309
2018-08-07,16.286194088846393,-4.2242632817428865,36.48317362634433
2018-08-08,16.789899874037047,-4.097440845008064,37.30380586844679
2018-08-09,16.761511708498446,-2.8915492769063422,36.16358506353475
2018-08-10,16.756114608719354,-4.5511119243501135,35.874802270686615
2018-08-13,18.191929809605668,-1.061021393110755,38.13868732516759
2018-08-14,18.18928063189408,-2.735492242390345,38.68353014439638
2018-08-15,18.61462272565671,-1.7620096477836344,37.58446145245997
2018-08-16,18.46031851365484,-1.7983130483483492,39.826437472015684
2018-08-17,18.28778540943251,-2.0700708022311876,37.42920300634744
2018-08-20,19.051247880842645,-1.8257915822521622,38.52190635625826
2018-08-21,18.79547619133348,-0.9089610478881732,39.88063923605801
2018-08-22,18.967469515927846,-1.7730876700790756,39.71263424038403
2018-08-23,18.530091430318542,-3.60236049247299,38.877323888032436
2018-08-24,18.08992189059548,-3.350737212559706,38.560778555954016
2018-08-27,18.203804903306803,-2.854181319578387,39.92875158545983
2018-08-28,17.796800897541907,-2.8223188745434964,38.42633465941885
2018-08-29,17.853842718491197,-2.1458998304272305,37.50602124713865
2018-08-30,17.37542234983491,-4.319268647833563,36.97745709363281
2018-08-31,16.92897786022158,-2.348913610603576,36.91015984529887
2018-09-04,16.882554453323348,-2.1549694115471163,36.646794073809644
2018-09-05,17.040928517038985,-3.355929906484511,36.28879654033235
2018-09-06,16.66584088131242,-3.577610230342701,35.476943243620404
2018-09-07,16.31722784206903,-2.7001504851890354,37.31170453013173
2018-09-10,16.774618001240754,-3.4865159470370193,37.525999837753695
2018-09-11,16.466760771330048,-2.8377531757177445,36.40669475702336
2018-09-12,16.596314020599774,-5.614472351696914,37.917778257512595
2018-09-13,16.15345019191804,-3.60673842202192,37.49999573598375
2018-09-14,15.696587991533011,-4.55057401096329,37.129088540996825
2018-09-17,15.595024613045439,-5.3604418163480565,34.62077427378878
2018-09-18,15.033720912982979,-5.200897598873862,35.497413021305135
2018-09-19,14.885584857144533,-4.340963727084188,36.12498663531506
2018-09-20,14.148441727060625,-7.55699624491961,33.0023674841547
2018-09-21,13.389480606473526,-5.694312709457631,33.04056613618408
2018-09-24,12.433950635957501,-7.955382576315314,31.38550172255267
2018-09-25,11.640358478379046,-9.57238397869088,30.31674841311393
2018-09-26,11.303412919227423,-8.91259778085502,32.76708428363691
2018-09-27,10.430547313108395,-8.837105762350951,31.046548358898544
2018-09-28,9.597611216719539,-10.624526083726478,30.345786690934194
2018-10-01,8.857237496547125,-10.79571530810069,28.080885727962333
2018-10-02,8.294975236268257,-11.632791380692467,30.168663364098197
2018-10-03,8.27138056296003,-11.818750233208634,29.64315045202649
2018-10-04,7.792151014009409,-13.4224937781877,27.990824616596726
2018-10-05,7.429315276417331,-12.288434361855604,28.44730525728977
2018-10-08,8.489958280253184,-10.842271954185906,28.457909572561842
2018-10-09,8.626629683414421,-10.554313970560623,28.498151720382793
2018-10-10,9.33171040356945,-11.517592987116366,30.9936050651714
2018-10-11,9.597496395063715,-10.518026147158372,29.740257011721905
2018-10-12,9.981950897857374,-9.66757011317486,30.575156779765106
2018-10-15,13.154996395410913,-5.757885668160913,32.96571148936607
2018-10-16,13.906680116570369,-5.747711968696421,33.580650953864755
2018-10-17,15.16134856112534,-4.813663890808861,35.997737881764934
2018-10-18,15.900745677279696,-4.729303503448941,36.460520299857365
2018-10-19,16.67399716139985,-4.303244154603249,35.75664410499802
2018-10-22,20.446380288841954,-0.894963210173562,39.94883734368719
2018-10-23,21.200491386225263,0.9221197205024708,41.609946012023194
2018-10-24,22.360485607603692,1.2952066112510787,43.1519497293809
2018-10-25,22.912449712601866,4.168006424546117,43.09144735722239
2018-10-26,23.41197076551202,4.310908971737211,43.12757411467909
2018-10-29,25.937554363375753,5.542363492555353,45.8054534837647
2018-10-30,26.172246579915242,6.932403462817307,47.57719123499982
2018-10-31,26.782485438297947,6.864646121723594,48.842685207992446
2018-11-01,26.76808379809978,5.93181532964113,46.48617424411629
2018-11-02,26.698350995929243,6.456306851097372,47.18535736627232
2018-11-05,27.62819472818107,7.741269633444176,47.65153474920299
2018-11-06,27.406374682156148,5.739860049262533,46.77039879649738
2018-11-07,27.613233468983864,6.982982486233872,46.81752360378058
2018-11-08,27.255160615945066,8.142765578996926,48.39787178010783
2018-11-09,26.906001904460403,6.331004445268362,47.83584229488088
2018-11-12,27.3961122847093,6.218842056328621,46.22991793788415
2018-11-13,27.154186969944714,7.8194013129164555,48.55138938597604
2018-11-14,27.39593292438013,6.90513400748988,47.68032307742158
2018-11-15,27.120113906795215,7.042535997548852,47.49679078866644
2018-11-16,26.891500149551185,7.816665083601933,47.42739971804179
2018-11-19,27.867032098880067,7.469865753145996,47.98496868279117
2018-11-20,27.79023584394423,6.910473333157529,48.035457829092266
2018-11-21,28.179787156009233,8.528683457583606,48.56218529494583
2018-11-23,27.87753419881994,7.29514868688944,50.20723987673277
2018-11-26,28.80030183742799,9.543078471697578,49.11541473857843
2018-11-27,28.590154126654014,7.43463951555394,49.05082369362353
2018-11-28,28.78564107466542,7.990167083578593,48.805986445340004
2018-11-29,28.376474086497943,7.54016227131287,48.88329218082918
2018-11-30,27.92157638154274,7.887288365729714,48.27782504678302
2018-12-03,27.65465358443859,6.697952397312251,47.98596400658439
2018-12-04,26.991820760360135,7.171814772821838,47.18194736836892
2018-12-06,25.860469744732242,5.126348697776943,46.231831504409776
2018-12-07,24.967567714579708,3.877459398368425,42.684734161567455
2018-12-10,23.63404336211742,4.113481774709,44.55589257761085
2018-12-11,22.740628004597014,2.810283544007657,42.848561619845235
2018-12-12,22.32518780084588,1.7707047799553455,43.84584279469533
2018-12-13,21.399258713086695,1.043219807351752,42.76255492609057
2018-12-14,20.54204923176397,-1.1865986013415804,39.01651406780999
2018-12-17,19.922039642434584,-0.8387042597979262,42.251954354799125
2018-12-18,19.46629951571245,0.14099283455312153,39.08029342315431
2018-12-19,19.58093988166778,-1.1238876285231316,40.304023589732104
2018-12-20,19.26929764028682,-0.5243606702181639,38.764902975801185
2018-12-21,19.10012992259847,-1.4288894509500727,40.024922200396105
2018-12-24,20.853747325470362,0.884351609114812,39.98595123858105
2018-12-26,22.19580905728319,1.0473175893698492,42.48633179428692
2018-12-27,22.70477742168691,3.28815417172998,43.6296169722815
2018-12-28,23.319240597243812,2.7182605359345797,44.112739992142366
2018-12-31,27.04224264022811,7.678732777412309,46.80558652459174
2019-01-02,29.24466799920038,10.417377663674705,50.77849183825048
2019-01-03,30.017871253822708,9.574088175041643,52.58953772834549
2019-01-04,30.77798519106299,10.705407463581079,51.41511303944303
2019-01-07,34.212437172196246,13.033663708887559,53.80564098987955
2019-01-08,34.752790263957834,15.369911030989655,56.01818127974214
2019-01-09,35.64954927902101,16.678274714207156,56.54128805936465
2019-01-10,35.890450666855685,16.064698867322395,55.40088403862123
2019-01-11,36.64738496628602,16.030669462886415,56.82887647799674
2019-01-14,39.69954615151444,18.67990116846818,61.496461187206066
2019-01-15,40.038497050336,20.08107579781348,60.03526412257141
2019-01-16,40.72290349308947,20.721676695779074,60.8589655915241
2019-01-17,40.75581700193962,19.31503568595218,61.47444094219133
2019-01-18,40.70959209910136,21.052832488059813,61.24630035050234
2019-01-22,41.323626841149064,22.989495145999232,61.896483081808114
2019-01-23,41.469111047953966,20.08868543797645,62.00180086395176
2019-01-24,41.0366922793361,20.60525370004918,60.47851460806187
2019-01-25,40.60058810462889,20.622383666863957,60.707130374720826
2019-01-28,40.7529313714491,20.393172011748874,60.04764268706885
2019-01-29,40.371073887103655,21.56260265608187,60.984615327476156
2019-01-30,40.45799397348795,19.05990186610939,61.66748506846808
2019-01-31,40.01166467743106,19.979665025810398,60.39042835778026
2019-02-01,39.59613821526443,18.897919396767588,60.07014339644182
2019-02-04,39.907910762026674,19.37793751350561,60.618883171420954
2019-02-05,39.57524307210603,19.93522159772863,60.01207297138605
2019-02-06,39.692240831306506,20.4299722938656,58.9553290501241
2019-02-07,39.247922988715025,20.375611545611168,60.277474868204045
2019-02-08,38.79865081513689,18.49860345558021,60.56460322543987
2019-02-11,38.74089178842214,19.10595289014353,59.24921256397209
2019-02-12,38.186353217066234,18.443687546115623,58.860384722657685
2019-02-13,38.03204539529049,17.68690180999634,57.971458947548385
2019-02-14,37.269635260824046,17.367065497866164,57.095192386883106
2019-02-15,36.459815142484906,16.161379499627678,56.934806548592114
2019-02-19,34.11670138815492,14.72822192894617,55.11195584345559
2019-02-20,33.50065038176879,14.215519683893806,54.26706684135969
2019-02-21,32.28427613492746,12.098678095289753,52.51474623293227
2019-02-22,31.038226138908545,10.55849913669317,50.61532397272609
2019-02-25,28.59993032570886,8.302750208727085,47.53261254890132
2019-02-26,27.309572111230835,6.133908740004376,46.81679785935663
2019-02-27,26.474669626324673,5.318233394682428,45.490308870520536
2019-02-28,25.101259299304377,2.1773590445998914,43.724723808663995
2019-03-01,23.762813916160372,4.256278781939512,43.497020210525754
2019-03-04,21.439751764629552,1.8665618486397915,42.713703552440755
2019-03-05,20.312376819202303,0.5362367888376366,41.14596608142501
2019-03-06,19.696050879138163,-1.4610652609597332,40.46840668179739
2019-03-07,18.59093666086228,-1.7518488105618508,38.832919698297346
2019-03-08,17.56369585476615,-2.2102027933078188,37.65037538603228
2019-03-11,16.353891757369592,-4.4347112866109155,37.942734418240065
2019-03-12,15.630114350657907,-3.815570020268327,35.780010883207666
2019-03-13,15.420130296259355,-3.574309011354259,35.00934135601215
2019-03-14,14.716612954481153,-7.45840650438682,33.9435785143183
2019-03-15,14.079455860435433,-6.562880031810275,35.71142645896317
2019-03-18,13.917616725629667,-6.604728288004272,32.94653221746484
2019-03-19,13.490364900204815,-7.347002394644704,33.38965942022761
2019-03-20,13.547588257152265,-7.346659120650972,34.47682880103497
2019-03-21,13.082091512520844,-5.139989227565457,35.2983748722423
2019-03-22,12.655090221918012,-7.86456855604962,32.13052720539269
2019-03-25,12.98521034693452,-6.302974348408449,33.58228403226291
2019-03-26,12.689367238526293,-9.324256743995125,30.72132985809173
2019-03-27,12.869833817558508,-8.310681718977621,32.71974509145583
2019-03-28,12.524620302671368,-6.862262474582916,32.017628630789176
2019-03-29,12.220042015011602,-8.655174173679848,32.12934632075049
2019-04-01,12.974901975976689,-8.358990069496128,32.99944975150942
2019-04-02,12.851104574520296,-5.929046004238766,32.16517821695435
2019-04-03,13.222112272705553,-7.999521307603559,33.59986405045921
2019-04-04,13.08618465830343,-7.190311046363814,33.783785623175746
2019-04-05,13.008638312421999,-7.229459982002841,34.75375464325789
2019-04-08,14.522248648253091,-6.2125424978559005,33.79245805931423
2019-04-09,14.661750925468686,-6.575405099855078,36.79768751619783
2019-04-10,15.290946166554921,-5.288275457069188,33.90046544678736
2019-04-11,15.400728213297466,-3.7433359284476135,35.78766446924596
2019-04-12,15.548553798986772,-4.48372023807459,36.15407126064623
2019-04-15,17.535504369181666,-3.521089697803103,36.81873040089981
2019-04-16,17.739428009370926,-0.5242488482582852,39.99804981746455
2019-04-17,18.374996551846994,-2.427839932884756,38.2221338998142
2019-04-18,18.427729043390567,-1.3835601486680988,39.719293630423095
2019-04-22,19.641270954604856,-0.4884236274321191,38.395064849027186
2019-04-23,19.441180018346635,-0.719917615032886,39.87058922452935
2019-04-24,19.609233430108638,-0.9317722400967137,40.14069318291956
2019-04-25,19.137043227009862,-0.7581649035956854,39.99098881355371
2019-04-26,18.585731137064723,-0.6396609770895055,39.20549188249155
2019-04-29,17.853461787890062,-3.7381199993276524,38.162979271172404
2019-04-30,16.98493370160231,-3.3071656354818604,36.585505254301914
2019-05-01,16.491989605343587,-3.8324921432422494,35.474598080253735
2019-05-02,15.379478501838712,-6.27353813223373,34.92600032423532
2019-05-03,14.221633926329357,-5.363408767013891,34.10759515804104
2019-05-06,11.994804360041421,-8.078218259409011,32.446154275400275
2019-05-07,10.77206825111557,-8.134188713199704,30.953137202776762
2019-05-08,10.011164496005069,-10.813708075536848,30.94444038632723
2019-05-09,8.722864744344271,-11.742281858539299,27.74409016759476
2019-05-10,7.485318405310629,-13.724271765339967,28.064284656975712
2019-05-13,5.602988395698972,-13.581562573723495,25.73803063659634
2019-05-14,4.681157939224462,-16.384440126178806,25.791741331908685
2019-05-15,4.304754598757796,-16.406597016510197,24.569587589155844
2019-05-16,3.4760359425305367,-18.15732185409895,23.51243889075133
2019-05-17,2.7630186323894677,-17.431588202517354,23.000601217736932
2019-05-20,2.7240719564447673,-18.228234916537318,22.405703216469256
2019-05-21,2.462682473255029,-18.18118816333656,22.180049507038554
2019-05-22,2.7469343313053898,-16.327590137209878,23.670519671075457
2019-05-23,2.5656796257771504,-16.16912791765138,24.068507570191993
2019-05-24,2.4741878427640245,-18.72770612435279,22.492542951062283
2019-05-28,4.1859503239736355,-14.037857732679935,25.045989103791804
2019-05-29,4.814734042113997,-16.022309546850618,24.24625433388164
2019-05-30,4.905136443636167,-13.699035198334066,25.64130811472659
2019-05-31,5.011254536314766,-14.17033582765297,25.845804605818095
2019-06-03,6.196982275864336,-14.736452810302005,25.3137535862259
2019-06-04,6.099430575512713,-14.14178283633214,26.41011054662309
2019-06-05,6.4270660403708675,-13.085450396725294,26.5467214278347
2019-06-06,6.174773654145689,-15.155185371501142,27.123296743866774
2019-06-07,5.906889881331786,-14.321643874651768,25.382466187613453
2019-06-10,6.4335016086730406,-13.831354114443455,27.903104656956845
2019-06-11,6.127073992419774,-13.600992190628968,28.194647911370698
2019-06-12,6.268571088274172,-14.7601426312339,25.57270116331351
2019-06-13,5.861970200927061,-14.645474415177995,26.440851177369726
2019-06-14,5.4794461714294656,-14.584042864432352,26.054503382536623
2019-06-17,5.955285792253704,-13.76555103996158,26.94459472195996
2019-06-18,5.739254934868221,-14.119356614950695,26.84076510708648
2019-06-19,6.024959874590408,-13.916024118467092,26.79459934980376
2019-06-20,5.813675784300173,-14.508106177967806,25.891131445311498
2019-06-21,5.673117011468051,-14.478823900379039,25.918543353475304
2019-06-24,7.087132576999942,-13.513412404856306,28.41558882530118
2019-06-25,7.22592030166043,-12.443897414757028,28.520933047327553
2019-06-26,7.8710287176886595,-10.55094596847364,28.870263710215582
2019-06-27,8.013212462466633,-12.069566801827696,30.06227322770169
2019-06-28,8.209684945871729,-12.352907423946252,28.171798465295765
2019-07-01,10.438159698845347,-10.151819592590202,31.229843449419732
2019-07-02,10.754636626463771,-9.148973701386376,30.794256891983384
2019-07-03,11.51953799614438,-10.291803341656163,32.41063278219856
2019-07-05,11.908764705304804,-7.357328435572404,32.842521335589716
2019-07-08,13.730843622099588,-7.6169325262041,34.11947933392489
2019-07-09,13.793644750863425,-5.82957150808086,33.90220761193481
2019-07-10,14.255221815475256,-5.959323492906552,34.98490009719414
2019-07-11,14.11003572596486,-6.130261456218273,36.12761288997323
2019-07-12,13.922017268071336,-7.031957695345988,32.47301868864015
2019-07-15,14.522417293243763,-7.196881837946407,35.23540984090277
2019-07-16,14.185553372436516,-7.784110991838417,33.808469102984546
2019-07-17,14.269937287664227,-6.35411222733779,34.610553827429136
2019-07-18,13.435110869085683,-6.792158464737772,34.60481704738064
2019-07-19,12.600178911696617,-7.206661698285665,33.62221831374337
2019-07-22,11.594783350681702,-8.265718813353208,31.470758261899064
2019-07-23,10.852889830458999,-9.63496289169526,32.36165705697418
2019-07-24,10.602320453554512,-10.581513240158184,29.794823344418695
2019-07-25,9.84828937484577,-10.529006188437975,29.68398994758929
2019-07-26,9.162746418845131,-11.681750012530708,29.310497941071134
2019-07-29,8.973766083349659,-10.966671524625063,31.22796376522547
2019-07-30,8.604461805521261,-10.925334717729058,27.790324830833807
2019-07-31,8.762324198337573,-11.795451217425047,29.91892790368755
2019-08-01,8.442516451630553,-11.275949404508738,27.959036594432394
2019-08-02,8.206385428071549,-12.621747872931126,27.837887554694213
2019-08-05,9.3488585011387,-10.382620835627085,29.940833566749216
2019-08-06,9.383301934696235,-10.672719253123997,28.568552206056854
2019-08-07,9.909390630818674,-10.721890241928858,29.79781941095311
2019-08-08,9.91458433093074,-10.56119067113987,30.4728202725221
2019-08-09,9.953882320521902,-10.149127154012714,30.099555472257975
2019-08-12,11.585048611226014,-8.358925125026472,31.296380635401423
2019-08-13,11.66478493715588,-8.566446851206402,32.08728500546015
2019-08-14,12.17901716303161,-10.48870083114032,32.16185628071427
2019-08-15,12.118589164080365,-7.950084979060142,31.06001269732485
2019-08-16,12.043308619537019,-9.3506219324434,30.852036847445422
2019-08-19,13.10243896733266,-7.818076140489013,33.580627420988876
2019-08-20,12.941362530506268,-7.115482870452575,34.844017994892276
2019-08-21,13.203853936441362,-6.94193396289558,34.4556809009321
2019-08-22,12.889349676990989,-6.566351911117833,34.45368503251531
2019-08-23,12.565932731361539,-7.4480567819274786,33.74346853450462
2019-08-26,12.988900460410012,-6.095956602094431,33.35098086636074
2019-08-27,12.671119136095829,-6.770788752556417,32.07257361586901
2019-08-28,12.81113132453709,-8.731596120516063,34.18125353007697
2019-08-29,12.410202459307666,-8.314021197405234,32.75231794654053
2019-08-30,12.036762336828833,-5.875375282322671,32.7726003946953
2019-09-03,12.262736532198385,-7.793383551393007,31.30393073320255
2019-09-04,12.491311221378336,-7.4606386714783905,33.53145343936144
2019-09-05,12.190055722254797,-9.82248003153948,32.52660436935315
2019-09-06,11.920149599403459,-8.33407298160548,31.877965856661213
2019-09-09,12.652595214856678,-8.231327354487355,31.748429162315887
2019-09-10,12.451442498826022,-7.331732442142536,32.50760730037229
2019-09-11,12.695534887902944,-6.838268644986088,34.75776291902475
2019-09-12,12.374785443178396,-7.3447702088638565,31.724820871500455
2019-09-13,12.047043673148163,-8.439950141079658,32.271474370749814
2019-09-16,12.364781460235928,-7.508793023675553,33.32094211654846
2019-09-17,11.949228293705232,-8.672087584620714,31.54237117714106
2019-09-18,11.94698023824209,-8.518461421764451,31.61394482901054
2019-09-19,11.353933078713673,-8.94911830073585,31.08621992190233
2019-09-20,10.735277157696117,-9.974855821365427,31.158554997921296
2019-09-23,10.158141617513479,-11.21092030084144,31.62628969044067
2019-09-24,9.470408015204224,-11.511980912565036,29.31594977580151
2019-09-25,9.2265850294738,-11.476799688603945,29.263129950376413
2019-09-26,8.43292748243189,-14.507840512668412,27.432893059970606
2019-09-27,7.664423308569184,-13.20356949336632,27.556005518292984
2019-09-30,7.025479255572353,-12.808784080053659,27.32905615129942
2019-10-01,6.467262794431306,-13.393118972121584,26.372986681046854
2019-10-02,6.434237395183821,-14.095414512711544,26.508514083201796
2019-10-03,5.933506556887064,-14.719422455849948,27.103051239854057
2019-10-04,5.538844275695425,-15.080000398335276,25.104903457393267
2019-10-07,6.4637181918702105,-13.00885589434948,26.677369025446406
2019-10-08,6.549956961923602,-15.10528103621377,25.169979697150804
2019-10-09,7.206445515042965,-14.234849886538674,26.511422332583344
2019-10-10,7.428177612074094,-11.920410610748265,27.49997486838148
2019-10-11,7.775744429964348,-13.388619978333237,28.048034898287803
2019-10-14,10.904944948323772,-9.724339015120156,30.748951993376362
2019-10-15,11.670976631522405,-8.858415441362128,31.811711467288088
2019-10-16,12.957009738571754,-7.919541758521412,31.218426450739855
2019-10-17,13.745736180461089,-6.804102421552627,33.414278500374515
2019-10-18,14.586808098383248,-4.908245369916533,35.88066829548319
2019-10-21,18.67234705536452,-1.3495416067205135,38.870966613394636
2019-10-22,19.564864565129156,0.7757374045103302,39.20294057273845
2019-10-23,20.87801793975693,2.303335006296288,39.44074425986191
2019-10-24,21.5960243954041,1.7982287700036022,42.517203730862484
2019-10-25,22.272327297846253,1.223249265183497,43.49818793135201
2019-10-28,25.36843956902145,5.6769302764303475,45.54349655678924
2019-10-29,25.798154560033993,6.94671527873927,46.13096403513425
2019-10-30,26.601582183546856,5.415551974059834,46.8763827734342
2019-10-31,26.7761387775578,6.401916619575925,47.02108866833551
2019-11-01,26.88893542499031,5.948604572946466,47.017697543957375
2019-11-04,28.309974222702326,6.630007733212246,47.53030766111147
2019-11-05,28.2288519012526,8.900606216123983,48.70178810416995
2019-11-06,28.56373632233332,8.295374420057932,49.065148837379624
2019-11-07,28.320936646015475,8.207579918775062,49.52729965310074
2019-11-08,28.074627666468686,8.419670569003358,47.92832230933548
2019-11-11,28.807772478072785,9.854627146334662,50.431897519991644
2019-11-12,28.62970206411267,7.272443457856566,48.83973042308101
2019-11-13,28.929736691185692,8.929216073989267,49.85635728262574
2019-11-14,28.708728334169056,8.355543541277909,51.19602549223884
2019-11-15,28.533630558408376,6.5637094843397525,49.230395256307546
2019-11-18,29.68371839485384,9.155076007342217,48.916176868368055
2019-11-19,29.67652487870881,9.71520029636719,48.849106497585204
2019-11-20,30.14427473154683,10.381487822678912,48.73838426794855
2019-11-21,30.076430153134766,10.035131826540098,51.307701888097064
2019-11-22,30.029127227703942,10.063397406467962,49.02883738841193
2019-11-25,31.318055963871036,10.254340564086123,50.49077264449144
2019-11-26,31.252252317260716,11.246292361651037,52.30260359554165
2019-11-27,31.601814699788093,11.406855762960536,52.39663435337945
2019-11-29,31.06902838055278,10.442201433011908,51.16000136890334
2019-12-02,31.326141801191262,11.825280789591396,50.618920882759916
2019-12-03,31.00348710016172,10.538374274013428,51.81432950778876
2019-12-04,31.072403272811027,10.072133280949007,51.122176725777074
2019-12-05,30.53326443638369,10.845348273108351,50.73053513673491
2019-12-06,29.956276337188545,9.740485371403356,49.91261365263229
2019-12-09,29.485692417587583,8.441830872392064,49.65029579281109
2019-12-10,28.84611038736789,7.602430098692024,48.9054459933245
2019-12-11,28.665784806574294,9.08622178603334,49.48451596987381
2019-12-12,27.955825526725135,8.220700831325267,48.54379389164825
2019-12-13,27.295490331925347,6.667507098153848,47.417870685788415
2019-12-16,27.15923104865071,6.413805686948192,46.80182127496647
2019-12-17,26.833990473572932,5.642818582365585,46.75145624335133
2019-12-18,27.067238846205658,6.835310201866345,47.74552401383472
2019-12-19,26.864935228113797,5.124400110493493,47.360266957334225
2019-12-20,26.798730667810453,7.757487196166746,47.38989851955467
2019-12-23,28.854494483250193,8.613612302049551,49.74682724813968
2019-12-24,29.350800502056742,9.007460058370288,49.99984281656916
2019-12-26,31.065012209423095,11.151128866711904,50.85416926250824
2019-12-27,31.82599355833864,11.989189139203718,52.56874173588854
2019-12-30,36.10096995418992,15.843163468113406,57.2053485479606
2019-12-31,37.19738033532423,17.0832115741845,58.612930267773926
2020-01-02,39.82398575311479,18.68377333935963,58.774633618355935
2020-01-03,40.87811377593435,19.698281845712746,62.25945588210636
2020-01-06,45.31669102257894,24.88618192689707,64.85282585115708
2020-01-07,46.22657145139017,24.98399766804607,66.7712290637123
2020-01-08,47.506456820272874,28.117301059941337,68.14371719851175
2020-01-09,48.141402418969335,27.987096394055225,68.31562872244875
2020-01-10,48.686349198823706,28.381312657890376,68.56973692843876
2020-01-13,51.12161364060968,31.774372188181186,71.72594582932902
2020-01-14,51.251731006755534,32.045434774210584,72.12192349878971
2020-01-15,51.72129317162977,31.690086729693896,72.71468259090963
2020-01-16,51.53106404174039,31.581758465727702,73.08124356209606
2020-01-17,51.25142754526987,31.041066274441405,71.43569854246176
2020-01-21,50.802939920517815,30.350014664148123,71.6849961218357
2020-01-22,51.29035013202897,32.21346213145117,72.09726870612465
2020-01-23,51.18607542778646,29.327366348392143,71.30291181080305
2020-01-24,51.065165975724234,32.20691836034118,71.51975321789887
2020-01-27,52.09863905411051,31.840310178928892,73.23273705301224
2020-01-28,51.99471118984637,32.34860783454212,71.76370608020962
2020-01-29,52.35496496266532,33.21187333922218,72.79916653244769
2020-01-30,52.179481917889966,32.554778547214624,74.32066249541307
2020-01-31,52.03441892244806,31.061468233057543,70.80961270291093
2020-02-03,53.17494470869964,33.27992540187467,72.70681528857436
2020-02-04,53.13000276644465,32.918476161367664,71.94027980725555
2020-02-05,53.54270137709366,32.47718457173422,73.92968751373061
2020-02-06,53.402957432826796,33.50631850516285,74.50697509740901
2020-02-07,53.267696863779534,31.06142898730473,74.37611674421245
2020-02-10,54.20905282009175,33.31883259452989,74.4567732830183
2020-02-11,54.00503293032048,32.87985535065529,75.11725674929507
2020-02-12,54.20842543844894,33.99431756682186,75.0731575434996
2020-02-13,53.80955470974915,33.313054123316704,73.09902291598927
2020-02-14,53.367556023402415,33.50339580785095,73.5782143441959
2020-02-18,52.50275411260763,32.78226280498935,71.87093038012452
2020-02-19,52.24869793597939,33.20133817482211,71.4383319168203
2020-02-20,51.38770495854678,31.358722483452926,70.22297186812484
2020-02-21,50.488857790137736,29.9395929526492,69.40323393749841
2020-02-24,49.03070628000927,28.334195565285306,69.99177225582716
2020-02-25,48.0437500078747,25.279963325045514,67.5487325278489
2020-02-26,47.499905291310284,26.81529943748836,67.8355632500693
2020-02-27,46.40523516568667,26.784022312812596,66.98507788478365
2020-02-28,45.33356103971941,24.606662823064422,65.59715432881977
2020-03-02,43.746403464689116,23.335444192044204,63.85736614956425
2020-03-03,42.84647556471477,21.74335614655841,63.920082812240075
2020-03-04,42.45091956481977,21.133403868647648,62.381344324125145
2020-03-05,41.56142179293618,21.073529341050534,61.742886859951
2020-03-06,40.74621646509911,19.368773581394446,62.28697109704707
2020-03-09,40.248032729432474,20.098292550584734,59.40640307942762
2020-03-10,39.764176482888296,19.35515913002713,59.62212876850521
2020-03-11,39.79748389415737,18.72623039291039,60.19133027469668
2020-03-12,39.34155434151851,17.79309999159027,59.19008275943899
2020-03-13,38.956984878331,19.250211985080842,60.124947695211404
2020-03-16,39.58636186748345,17.749182925466506,58.59504169320593
2020-03-17,39.43395461233666,19.833339157824003,58.893122991615925
2020-03-18,39.77099172516852,18.84353182519544,59.1761788637468
2020-03-19,39.589634988958984,20.88306573407358,59.9568717574219
2020-03-20,39.45030395889789,19.980157497465967,59.03979821360263
2020-03-23,40.655172212231925,19.626704995051135,61.22975176731639
2020-03-24,40.651481351544774,20.76282711840676,61.343444787757555
2020-03-25,41.12277187482856,19.951849788358665,62.36877109703523
2020-03-26,41.06621276392399,19.85947920600195,60.72517875051336
2020-03-27,41.04741871248768,20.9079337073176,60.92390093704648
2020-03-30,42.63819050382896,21.28514351948162,62.04364269518548
2020-03-31,42.78557037206771,20.836819591821257,63.68471741084137
2020-04-01,43.424462438759704,23.19666593868888,64.122488931448
2020-04-02,43.55374954914874,23.07532332025107,63.695678325666734
2020-04-03,43.73959938503705,23.01077457188647,63.90599991071808
2020-04-06,46.04393349131549,26.450484610959784,67.22419412084184
2020-04-07,46.451753461873096,26.017389471957177,67.36364207841413
2020-04-08,47.354151719988046,27.019280638397063,66.96584848108428
2020-04-09,47.74357057038627,28.8728225318229,68.18783943850175
2020-04-13,51.089585017146014,31.13339864010564,70.91154856916546
2020-04-14,51.62523059536183,32.101878726150794,71.09634135206905
2020-04-15,52.605592494124714,31.560846524721462,72.98661873841041
2020-04-16,53.016446097014565,33.294314780147374,74.09874806555054
2020-04-17,53.4110899136579,33.607271002061424,74.18095093479762
2020-04-20,55.789299737653074,36.32291546493728,75.76959460510326
2020-04-21,56.006193396199436,36.95717152092414,76.36049976948705
2020-04-22,56.599163368360614,35.16143958236868,76.94124858263335
2020-04-23,56.55787316384073,37.50591288535144,79.48449941491819
2020-04-24,56.441281998982646,35.818176357821855,76.88203301168458
2020-04-27,57.01235353445374,37.36713193631121,77.2785758029896
2020-04-28,56.569781855936455,36.32216581786056,78.39006552297754
2020-04-29,56.49450614030537,36.90914808633707,75.95642504301283
2020-04-30,55.78911997932001,34.773506638382926,76.12637122607727
2020-05-01,55.02579893896898,33.811862626373696,75.37983196599308
2020-05-04,53.89041680854491,32.370458617534254,73.91281575457947
2020-05-05,52.99694262199138,32.65210845838498,73.22745477507554
2020-05-06,52.5470424161436,32.66716119862592,73.46073010217606
2020-05-07,51.55150409949702,31.211322312981505,71.00594403241843
2020-05-08,50.5889038185816,30.675713204877233,71.359748055797
2020-05-11,49.43467107560774,30.955370020779135,70.69565273488581
2020-05-12,48.72844968867739,27.165653637835916,68.64830359188367
2020-05-13,48.55743716590318,28.79592988213418,70.57040902718644
2020-05-14,47.926230407828314,26.597764950932987,67.67671598051466
2020-05-15,47.40533190980732,26.47858832604752,66.37462508556119
2020-05-18,47.93607012178282,28.93038930753936,67.98448686446615
2020-05-19,47.87072463238179,27.67390175924461,67.08192487796272
2020-05-20,48.357960307141724,27.652072564660948,67.9313193361194
2020-05-21,48.388630230943065,28.9114765138743,67.62967998832237
2020-05-22,48.519719979014596,29.070798255121453,68.69068190289427
2020-05-26,51.250661403330184,30.226904780080435,71.04267698999094
2020-05-27,52.16870682895827,32.517201967703755,72.42210651123209
2020-05-28,52.56169944127147,32.655042177349586,73.28120106457702
2020-05-29,52.98285658330309,33.282886619100864,72.97187927814922
2020-06-01,55.71571235304067,33.75329807719663,76.42378018125444
2020-06-02,56.14852466691457,35.37557858924685,76.62780175804187
2020-06-03,57.01054511613075,36.83397049332914,77.02224276862523
2020-06-04,57.29454144084907,36.51786774554026,78.58341866124147
2020-06-05,57.56273281332885,37.41636865205791,79.21241251891159
2020-06-08,59.67642902967642,40.46684843685084,79.5117442065135
2020-06-09,59.886206921741554,40.72938764532163,79.21277060410021
2020-06-10,60.53520986387632,40.28006028722348,79.69484283667921
2020-06-11,60.626487616462974,39.632511250294606,80.87373245396003
2020-06-12,60.73162499212197,40.60651459920761,82.26387804169873
2020-06-15,62.60856138266138,42.40686687849206,84.4481183928042
2020-06-16,62.840496036642854,42.12006649587725,82.25512777751827
2020-06-17,63.56623638934637,41.640703993403925,84.11276634380953
2020-06-18,63.7884514068197,42.79277515919839,85.51633671958002
2020-06-19,64.07647991039465,42.56468742249939,85.08500245821993
2020-06-22,66.76539671829318,47.768766873614304,87.89316942054823
2020-06-23,67.3321179692918,46.746293725097,88.51115245605385
2020-06-24,68.40991546548092,45.89170603761414,87.47219848337289
2020-06-25,68.99136765313415,48.81111925041002,89.74109325915965
2020-06-26,69.6353386902268,49.485882154345234,89.11482199778816
2020-06-29,73.26858033246737,52.90258058833791,94.25713776367297
2020-06-30,74.07688962397401,52.431481379757464,94.53751779229805
2020-07-01,75.34598824745626,53.82083624194026,95.05708232948831
2020-07-02,76.06217437132386,56.55994936552726,96.46627155425718
2020-07-06,80.24533128911986,59.549938450541184,100.53105335379801
2020-07-07,80.87099181133561,59.91876985370494,101.04263942729604
2020-07-08,81.89990577539658,61.341294726566026,102.02331037090866
2020-07-09,82.32448551693214,63.480277675166185,103.54695355153517
2020-07-10,82.7065319128697,62.9884941718262,102.86468291703889
2020-07-13,84.99767048043817,64.7909315171129,105.53336358216865
2020-07-14,85.21125252486583,64.9084933154344,106.32731252077184
2020-07-15,85.8366060308231,65.69609860453438,106.46251728234847
2020-07-16,85.87735757407903,64.60790570135359,104.91944994957277
2020-07-17,85.90603563227302,67.1897738157111,106.81670431478544
2020-07-20,87.41363026253181,67.06234202553581,107.59425385696485
2020-07-21,87.48319425052091,67.06100891037983,108.55779705074637
2020-07-22,88.03172728345575,68.70816573617662,107.36998912535218
2020-07-23,88.065391533959,65.5388871614322,107.59453605045722
2020-07-24,88.07727309778215,68.09726128967321,107.25524764678526
2020-07-27,89.93566649100458,71.53951375400915,110.92705724264432
2020-07-28,90.24008274363479,71.05767720731525,111.01587934043631
2020-07-29,91.07065787929892,69.25231082498786,111.76508565655236
2020-07-30,91.42459882254073,70.50661504007927,112.41505753251575
2020-07-31,91.86523340972184,72.32046730479246,113.04735956890812
2020-08-03,95.07384364226559,73.23702909583189,117.12832587923369
2020-08-04,95.81383783856907,76.4353658412348,116.96286158328202
2020-08-05,97.05569698743189,76.65257879658799,117.47550084673283
2020-08-06,97.78751565549781,75.93025373628588,118.69438648047674
2020-08-07,98.56460899120623,77.50208490730465,118.41984421981257
2020-08-10,102.47456535038873,81.84020107392438,122.36301440258963
2020-08-11,103.33365954139946,83.58308220128045,124.27656992508473
2020-08-12,104.63544705590077,84.42261260119565,126.482646911214
2020-08-13,105.36943832928112,84.77480216807656,126.02021112280538
2020-08-14,106.09395336144765,86.01487082286177,126.20553884248982
2020-08-17,109.56860596234924,87.63024288693704,130.33393337832615
2020-08-18,110.21266459475248,90.37935555125443,129.8354171962123
2020-08-19,111.27772482573414,93.6386434362442,132.6901969189365
2020-08-20,111.76189537011632,92.57302299817738,132.02314725376115
2020-08-21,112.23212515140057,92.00710149894037,131.6430192382351
2020-08-24,114.9981014842148,94.57295018339619,135.86547537138216
2020-08-25,115.44743130250652,93.98163374451804,136.91067572331426
2020-08-26,116.3476864009844,97.19186085891359,135.5082144100443
2020-08-27,116.70059249234149,97.06243052640838,137.20272405998062
2020-08-28,117.07529335512675,97.01290136802297,137.39359226199352
2020-08-31,119.76892207140185,98.19452531675392,140.99865103026224
2020-09-01,120.25831444461058,100.12834526772784,140.6821900289925
2020-09-02,121.22383883166036,99.34459418913947,141.9493479733439
2020-09-03,121.66145031702179,101.36691926563921,141.02736699043646
2020-09-04,122.13371145092974,102.00073126058876,141.48408508141605
2020-09-08,125.68964474254575,105.23792398438616,143.72961915154718
2020-09-09,126.6216913011263,106.42283609871262,147.53607008211407
2020-09-10,126.99674706905128,108.91304621170941,147.96375657896152
2020-09-11,127.37247975068108,107.45714569904372,147.92968911630823
2020-09-14,129.8402280874134,108.91495324978584,148.90963642500392
2020-09-15,130.15094790052376,109.44543481950194,151.05808794309525
2020-09-16,130.8773405553333,111.37138963361123,150.97268504330214
2020-09-17,131.01353651386896,109.97978035220571,151.8842470149057
2020-09-18,131.122822790023,110.5290832674031,151.89066364163892
2020-09-21,132.70177416520073,112.8184384811027,153.78094904533904
2020-09-22,132.71696108754938,113.37531832594983,152.63742103865386
2020-09-23,133.16517587392917,114.1449982574474,153.52677677878057
2020-09-24,133.05115943871084,111.67902873358378,152.01058272263114
2020-09-25,132.94864831705152,112.25235411487765,154.04168052754463
2020-09-28,134.21809564980202,113.7731448798553,153.39920142533592
2020-09-29,134.2653971019844,113.55428310620032,155.0096466987468
2020-09-30,134.82317617993996,114.45497431551618,154.72606156243288
2020-10-01,134.89947846702307,115.19353465158161,156.16109709204454
2020-10-02,135.06939413020018,114.63991704072932,155.02875185659087
2020-10-05,137.63141725707396,118.33164696883806,158.23189087287915
2020-10-06,138.25192300479435,117.2364742813909,159.24640179719515
2020-10-07,139.4411544626656,119.58468877130103,159.55765205600602
2020-10-08,140.19679271675602,118.5124880002734,160.0138854330864
2020-10-09,141.08213335118128,119.68555635873183,160.65082748348811
2020-10-12,145.8737074148045,126.33476591209389,166.37061282430872
2020-10-13,147.21796321430492,127.18628892978617,167.800560571947
2020-10-14,149.0974979949593,129.1524496925095,171.48682531886269
2020-10-15,150.49644259760092,128.77082357965705,171.6485126458794
2020-10-16,151.9654990871943,131.11921566519547,172.03760414383328
2020-10-19,158.04575861916652,137.36216381653028,178.07173477885428
2020-10-20,159.63932684356928,138.82767897678102,179.74879027881903
2020-10-21,161.6701561109155,141.83748970360259,182.52922012358428
2020-10-22,163.12100942512623,142.10157432592626,183.48682547044453
2020-10-23,164.54353765726356,143.6534788691957,183.28283030233013
2020-10-26,169.93670665983763,148.43997952350028,190.8856388646881
2020-10-27,171.1433831853039,151.83618624539113,192.11522976358017
2020-10-28,172.725113085989,153.51344346561785,193.2809890345398
2020-10-29,173.67676052471978,154.19121703516993,193.45582924138822
2020-10-30,174.56300048642203,154.1377663061707,194.89965685758108
2020-11-02,178.26121790536934,157.20413128306268,198.44904568202762
2020-11-03,178.91910479587153,157.63927272425698,197.94267452997443
2020-11-04,179.98100648815034,159.66203508864297,201.40212262144902
2020-11-05,180.45263671487874,159.68611116453587,200.53314148261535
2020-11-06,180.90798655293085,160.46051397197309,201.9268853982876
2020-11-09,183.6737281145019,162.34187916637438,203.59686803586064
2020-11-10,184.1523655829212,163.23161882746712,203.77815905893274
2020-11-11,185.1011678612037,165.18905217381237,205.14405288026535
2020-11-12,185.5228617469724,163.97587605375284,206.84859155086878
2020-11-13,185.986454525629,166.29186715582878,204.67978388752238
2020-11-16,189.05034546862404,167.60754663478178,209.84009941224397
2020-11-17,189.68752483959787,169.06968151152634,210.8928463801893
2020-11-18,190.80618295272083,169.40180104465136,210.2333055656038
2020-11-19,191.39746454887748,171.25200386527806,212.62156483992254
2020-11-20,192.01890169386863,171.80065033463532,211.7099275573706
2020-11-23,195.38045870570735,175.11760911053136,215.53772387126125
2020-11-24,196.0286155989299,177.03258350109894,217.23159562886545
2020-11-25,197.10312198742798,176.27250332444316,216.67143673795977
2020-11-27,198.04897763413032,176.39386740803323,218.11791382795008
2020-11-30,200.57083369633074,180.88234874627952,220.51957220631758
2020-12-01,200.83894946550066,180.5133634513913,222.12392398379552
2020-12-02,201.49636186168112,180.744849564006,219.44529947322653
2020-12-03,201.5408236690282,181.3466703651226,221.48077677223384
2020-12-04,201.5399444436097,181.92972109424042,222.34282975937043
2020-12-07,202.7287292172577,183.72904345441503,223.55167825282885
2020-12-08,202.61243033512713,182.64486545318184,223.6741137880309
2020-12-09,202.93783754304835,182.70712308491485,224.00917039958406
2020-12-10,202.7150709920458,183.48689485135327,223.72972814645416
2020-12-11,202.52284626669285,181.77596531453813,222.32659101898204
2020-12-14,203.6781280217389,183.9415546027266,223.644534994968
2020-12-15,203.74876494778766,184.27277508579263,224.28410833324176
2020-12-16,204.36319783576627,183.59182756878883,223.3925936851705
2020-12-17,204.52958160559456,184.47388352489648,225.72672704588064
2020-12-18,204.8221114542412,183.8472953399249,224.4863550322623
2020-12-21,207.92370861891595,186.90780314424936,229.3641276532365
2020-12-22,208.7690832203503,187.66614830460608,228.2483920583754
2020-12-23,210.1976891955986,190.4646355420392,229.64200012478034
2020-12-24,211.2015259599771,190.97658214727915,230.5579703782628
2020-12-28,217.83521046955053,197.46061371259307,238.22709403237153
2020-12-29,219.37806413939546,198.83020047307835,240.2432353951275
2020-12-30,221.42795245383323,201.71451899219016,240.02120133544372
2020-12-31,222.96370272830563,203.11266062952288,242.46220368410948
2021-01-04,230.6410022459934,210.40994347390898,251.0461436026656
2021-01-05,232.14734889877664,212.26141931637102,252.06093103059848
2021-01-06,234.04030947927558,213.80468134692546,254.16685956718334
2021-01-07,235.30256523492767,215.1158198428156,255.44544055749972
2021-01-08,236.48642870420485,217.10536205177357,256.6942424255796
2021-01-11,240.8794907019219,220.14047143705423,259.3565552701898
2021-01-12,241.66611792992774,222.7619895126377,261.970083942254
2021-01-13,242.78940286627005,223.03572854071703,264.2786990189785
2021-01-14,243.24750117321406,222.8319228030476,263.20322230602557
2021-01-15,243.60843785476092,223.58172255142838,263.91297154195314
2021-01-19,245.60907481931346,222.9195186956044,267.41074559685876
2021-01-20,246.03222954174927,226.3595612466222,266.5035501861899
2021-01-21,245.84941686720924,226.2412767235855,264.45002398524434
2021-01-22,245.63603784334268,226.2889341514908,264.9339668268505
2021-01-25,246.31765083199545,224.74424309310396,266.24039279362006
2021-01-26,246.07626642706995,226.03820810027102,268.05158897945586
2021-01-27,246.29192699111854,226.8718835186339,266.9705722523133
2021-01-28,245.88259365090158,226.56275229538423,268.273487998233
2021-01-29,245.5006635979075,225.35681763702829,264.51749132056796
2021-02-01,245.9332807374267,224.35779439486856,266.70793117094746
2021-02-02,245.6596914193976,225.1755804175811,266.498903437674
2021-02-03,245.85016272223552,225.5164697629251,264.84567244357004
2021-02-04,245.49589249389572,225.76754021354364,266.170680013622
2021-02-05,245.15478472021343,225.1627571399551,265.2980459339551
2021-02-08,245.53544549591288,223.80135293022815,265.81071844907416
2021-02-09,245.16333888062366,224.93146958658974,265.1364984484369
2021-02-10,245.20713764651595,225.1179622440114,266.0830782662295
2021-02-11,244.6561517346805,224.34769929882543,264.95873191662736
2021-02-12,244.0682344925796,224.72964148604876,265.3860915520815
2021-02-16,242.6492134987745,221.02792783743269,261.95235162312633
2021-02-17,242.25484421555882,220.3363764256981,262.9815867561541
2021-02-18,241.2490986734259,223.08980084225854,262.8131346608289
2021-02-19,240.19930329217968,219.80346218431905,261.7569809691661
2021-02-22,238.2360443120365,217.1714038950413,258.59505020531424
2021-02-23,237.05937779319962,215.85268215498488,257.8429530315024
2021-02-24,236.31385518182097,215.66246078280975,258.1051404571741
2021-02-25,235.005200351444,214.66604033015722,255.20954629341202
2021-02-26,233.70719889255022,213.56701426345776,255.2268159099415
2021-03-01,231.37103315775497,210.09747256188115,251.26211034703158
2021-03-02,230.2007649003583,208.60241555952751,251.40314301920213
2021-03-03,229.52642935420545,209.2567593331883,251.7407946412492
2021-03-04,228.3511073827137,209.80024902441457,248.69618766220972
2021-03-05,227.2445369593714,207.381176514171,247.45318254587258
2021-03-08,225.7731140801953,205.38359256641633,245.3583090429092
2021-03-09,224.96407372139353,205.4125657745701,244.35900719550003
2021-03-10,224.67413162983692,204.9073199399142,244.99766389880688
2021-03-11,223.8980590596783,204.07555263224404,244.05293111890646
2021-03-12,223.19743151683275,203.5756263285455,242.95870391981632
2021-03-15,222.9095735673537,201.2622871362193,243.65156158832585
2021-03-16,222.4626833488651,201.72698043315546,243.31685247798976
2021-03-17,222.5107466453384,203.08929171368518,243.5257274138819
2021-03-18,222.04551819103182,200.2305694166189,242.46821885352387
2021-03-19,221.62681813468802,200.12895904356697,241.3871507748067
2021-03-22,222.01239822549934,201.86781274116373,241.59631795471336
2021-03-23,221.73868960707966,201.19714753436412,241.7988978801643
2021-03-24,221.93982347730577,202.1621997958141,242.56322773797817
2021-03-25,221.61200719696134,202.48795306703911,242.6210064427428
2021-03-26,221.31998501735399,199.54111130786342,239.75706949518565
2021-03-29,222.07271877403628,201.41497938478466,242.03399844471102
2021-03-30,221.9334058898987,199.52197607647238,242.59983081188824
2021-03-31,222.28187114579603,200.51229434449385,241.6604040766827
2021-04-01,222.11731992898302,201.70427092831815,243.1106279908321
2021-04-05,223.41267376459166,204.63111797618404,244.15734268793196
2021-04-06,223.522369784914,202.93172538456153,244.05881867110534
2021-04-07,224.12960988965685,204.64732334602814,245.60672101009686
2021-04-08,224.22836795179074,204.29876976483393,244.03993148834329
2021-04-09,224.37915650355322,201.31259376222897,243.72126591149657
2021-04-12,226.48696456450168,207.69696057524644,247.93869385682936
2021-04-13,226.77631586602575,205.46928834278467,247.84000101573267
2021-04-14,227.52271132857192,204.30502317518352,248.7589202025244
2021-04-15,227.71255740384944,208.5172307815232,249.79851995209273
2021-04-16,227.8994871348775,207.61386272551962,248.60335098424076
2021-04-19,229.73277347827707,207.8757562011466,250.88994102627512
2021-04-20,229.79189483597108,211.91260724491423,251.68418100361438
2021-04-21,230.23709451820645,210.3567696318949,250.67991317363595
2021-04-22,230.05641447289506,211.0485936931102,250.28274172843393
2021-04-23,229.80692589529963,209.30942503361962,250.86447026594084
2021-04-26,229.99629425962837,211.08370561083038,250.13433287504066
2021-04-27,229.42416575970034,209.92348189370585,250.50366953500907
2021-04-28,229.21405175900725,210.0478599144468,249.9277350457096
2021-04-29,228.36612713565694,209.13153465383309,249.2016308125484
2021-04-30,227.45027178273622,207.62005067077482,248.10265508670037
2021-05-03,225.77742990812726,205.72758327872418,246.39152354296877
2021-05-04,224.6729446489106,203.59336675577035,244.16928928552142
2021-05-05,223.99432864422295,202.77704666605126,244.84842979354144
2021-05-06,222.7518762963191,201.65113551252406,241.77459453102597
2021-05-07,221.52407719313146,201.10423930474667,241.92616046320356
2021-05-10,219.4697895014919,200.87536106217536,240.6776174197314
2021-05-11,218.43242188500818,198.27776922272884,238.93386972982273
2021-05-12,217.91741875633235,197.80656210553389,238.261426020614
2021-05-13,216.93144842484662,197.39811301490167,236.86983812801702
2021-05-14,216.04730641465375,195.77887758308842,235.77439642699792
2021-05-17,215.46241121084597,195.8220916206129,234.52301410301365
2021-05-18,215.02510494680706,194.8136437655661,235.29914188737982
2021-05-19,215.14449432624374,195.1488091511282,235.81446236066918
2021-05-20,214.8137186907054,193.88047651503783,235.8997664050422
2021-05-21,214.59182833779903,194.04755093377312,235.04117252885834
2021-05-24,215.9027403322856,195.77835606408524,236.22443425138033
2021-05-25,216.02638165697124,195.22366567514064,236.11123676147153
2021-05-26,216.65384668521122,198.3270658251352,236.83634060466136
2021-05-27,216.77017646410246,196.13102400897387,237.6870617216927
2021-05-28,216.92816377936185,194.73336315078072,237.54072336479132
2021-06-01,219.155403525896,198.00783591343364,239.11924490816378
2021-06-02,219.8036909146934,199.71568376812095,240.92707089717996
2021-06-03,219.8784969357557,200.83842621487216,241.79605439587675
2021-06-04,219.93993355214462,199.9802372279273,241.33705600452492
2021-06-07,221.42704628329483,200.99653097394804,241.62892296580574
2021-06-08,221.41936119643668,201.6038841695583,241.89385975362006
2021-06-09,221.84379527500863,201.89895132816224,241.9683097418556
2021-06-10,221.7020863122006,199.00946838793053,243.2186394618156
2021-06-11,221.56481084937434,200.92912556748072,241.4781543456351
2021-06-14,222.65294793885133,202.6494353576148,243.34619104267514
2021-06-15,222.6015322341737,203.89921904142182,242.32765913322316
2021-06-16,223.03463997873104,202.570348002782,241.73531574345012
2021-06-17,222.95598516636448,202.78696578985014,242.89873541845108
2021-06-18,222.9362356290281,203.0986500297463,242.66416322155803
2021-06-21,224.67699446424592,205.7157183895302,243.58476807646613
2021-06-22,224.92567501128238,203.15099908237946,246.72767779241428
2021-06-23,225.68774998887957,204.71219723978493,244.95218440391463
2021-06-24,225.9577586977481,206.17724388741684,245.51316802591256
2021-06-25,226.2964237771365,207.3396323573463,246.73804355780766
2021-06-28,229.06645775214247,209.56918101900885,249.40957484251274
2021-06-29,229.60866072411426,209.25036654797228,250.97072538813902
2021-06-30,230.6237465510203,210.85436735539665,252.5603530046274
2021-07-01,231.09827482722426,208.8620768801909,252.01037325964586
2021-07-02,231.58632066104565,210.8503098111029,252.52700889246051
2021-07-06,234.8687109924453,215.5393238638431,254.64214633678668
2021-07-07,235.7162928595677,215.87552227589822,255.78452780944454
2021-07-08,235.96451057464452,214.91041176153155,255.91926003671392
2021-07-09,236.1731459625862,216.1213058959348,258.2664494251804
2021-07-12,237.94048575891642,219.08030573100896,259.02855788375865
2021-07-13,237.97125082502518,218.52481168087195,259.31326326840343
2021-07-14,238.4064039370675,219.00981474943097,258.5708307523912
2021-07-15,238.24786822699434,219.33010776734332,257.38507889587163
2021-07-16,238.06671232379176,217.7821205355658,259.2215469077141
2021-07-19,238.87137313328213,218.978718352779,259.3964737594626
2021-07-20,238.6804292800156,219.43850239855678,258.8808327191917
2021-07-21,238.9553748797308,220.2595257440513,260.02382404632925
2021-07-22,238.7029095576575,218.16868846726626,258.32220206213606
2021-07-23,238.4970969983064,217.38194381075678,258.1517302019231
2021-07-26,239.64541359815072,219.58095864418104,260.00158040085427
2021-07-27,239.69965949371283,219.6922575948345,260.2056600595144
2021-07-28,240.27650143544653,219.24069610721048,261.4609104343464
2021-07-29,240.37518738069286,220.56820081424164,260.97034766104827
2021-07-30,240.56109564468795,220.84911942057107,262.21941665710096
2021-08-02,243.02814385316867,221.67902241954312,262.8687937181152
2021-08-03,243.53424480661633,222.2306802686756,263.9246567870172
2021-08-04,244.55120841275533,223.82748721426455,264.47188119698046
2021-08-05,245.06814394887834,225.01468466812761,266.45954369430217
2021-08-06,245.64107953725033,224.4273510681116,267.5123013461338
2021-08-09,249.0052717955983,228.26683592321206,268.49027898300136
2021-08-10,249.70388377221508,229.61934034140785,270.27446352216873
2021-08-11,250.85476707104988,230.9701612857388,271.81295021964297
2021-08-12,251.44635532550677,230.0111316369808,270.02306906732963
2021-08-13,252.03568101711002,231.41478991827458,271.8773996876173
2021-08-16,255.13297809644246,236.81221853322145,276.29100463220647
2021-08-17,255.6552576728282,235.91712998980117,276.0756600537763
2021-08-18,256.59784132425943,236.8264611933073,277.1024019483496
2021-08-19,256.9573265497765,237.04283153762972,277.7796523764679
2021-08-20,257.2992922815417,237.89109792993463,277.8493644230755
2021-08-23,259.6482746692713,239.86481891798488,280.53414462927213
2021-08-24,259.94550504315345,239.7161092481532,280.4023553863574
2021-08-25,260.6866017179368,240.1053933886423,280.68728673302166
2021-08-26,260.87340812834043,240.72542145258163,281.0040803424061
2021-08-27,261.0754616154338,242.86333312741988,280.553677648036
2021-08-30,263.21952657913573,244.7316592798407,283.8296667173839
2021-08-31,263.5187754612155,244.54773725663017,285.3131889851482
2021-09-01,264.29284724034756,242.9802696136972,283.60967403498785
2021-09-02,264.53912562638527,245.4011742088266,285.52461011406996
2021-09-03,264.8216147661856,244.04307856011056,284.0833353898924
2021-09-07,267.6604108889098,246.89571443822703,288.38608318536825
2021-09-08,268.515085294621,248.05608815678346,287.9835687149484
2021-09-09,268.82041810315565,247.90915545697086,290.602715253484
2021-09-10,269.13427610365846,248.90639227027924,288.13967602490624
2021-09-13,271.4608974111566,251.65011322520772,291.4347718806092
2021-09-14,271.73701508538824,251.16462753295187,291.643036229783
2021-09-15,272.4331118200108,252.8634290903986,294.9389322868362
2021-09-16,272.5417934680081,253.06775868980506,294.2621138518034
2021-09-17,272.6246241303693,252.7169331815023,292.6196194618069
2021-09-20,274.1113930127018,252.00732051651772,294.74976276610323
2021-09-21,274.0849360542553,253.0367736694056,294.2744852306426
2021-09-22,274.4828074555492,253.6799771907744,295.73961054468515
2021-09-23,274.3079785153198,254.0345371804588,295.5753546687595
2021-09-24,274.13261398892786,254.2665831955352,294.7495120970262
2021-09-27,275.09956235521696,253.2576901184486,293.8721028951205
2021-09-28,275.0157818036853,254.38221832201955,295.37792765722577
2021-09-29,275.42713679095243,255.68811052411095,294.9939408248057
2021-09-30,275.3421265661444,255.80313618922037,295.39134874722856
2021-10-01,275.33668697213335,256.4508067355708,295.59227785643714
2021-10-04,277.302376851128,255.60971448632455,298.49842229612545
2021-10-05,277.7069751214293,256.48355466086485,298.548164065083
2021-10-06,278.67554384703226,258.86714898038815,299.8296573432609
2021-10-07,279.2083342043573,257.7391803821792,299.87414611885606
2021-10-08,279.8713140540207,258.76043864060466,299.3308972678971
2021-10-11,284.0255501630965,265.666650719102,304.01181518560776
2021-10-12,285.17576523563315,265.70073355396096,305.33459515797813
2021-10-13,286.8742496330589,266.4192093356136,307.20251753045983
2021-10-14,288.10700510748467,268.25825793796344,308.90591015293467
2021-10-15,289.4262643944224,270.52261186958003,309.3922925871617
2021-10-18,295.16491360458974,275.10558527316977,313.6455827332531
2021-10-19,296.6815649119148,276.2205445366488,316.2046938660051
2021-10-20,298.65338300775517,276.4610215857773,319.11118827479424
2021-10-21,300.06215599877487,281.0360157632199,320.5545753655772
2021-10-22,301.4581719104086,281.6921739473548,321.28404220749326
2021-10-25,306.8466384101618,285.9740922653268,325.8987189625329
2021-10-26,308.06922610409464,288.2667552948048,327.62674295225725
2021-10-27,309.6714545306272,289.8126806212146,330.8281636451473
2021-10-28,310.6455892659553,289.78929265885546,333.3493271903333
2021-10-29,311.5537349413186,292.9082641029313,331.49173701726465
2021-11-01,315.29035882014165,295.2089084161072,335.6950738733073
2021-11-02,315.94507827055656,295.2815990308891,337.2765597950453
2021-11-03,316.993124751629,296.65014011940855,338.20518076851744
2021-11-04,317.4391198950862,296.2075126473014,337.30862158503226
2021-11-05,317.8563577951254,297.7765398687111,339.5101902951868
2021-11-08,320.4320850502809,299.40731680760365,339.95989576353963
2021-11-09,320.8238990873944,300.5965553258862,339.91511173510844
2021-11-10,321.67593828579373,301.77088821280995,342.22890927148205
2021-11-11,321.99249542030276,302.24728190966806,342.73329277514404
2021-11-12,322.3443980664374,302.88575245408305,342.4660992914428
2021-11-15,325.0546265745957,305.135155247405,345.17564319976213
2021-11-16,325.5749984846836,305.4458368076039,345.3553094588198
2021-11-17,326.58096478567273,305.83609041528115,347.0599445298294
2021-11-18,327.0656309692974,306.504638311185,346.7573525434168
2021-11-19,327.5882747773994,307.0861594857564,347.0363317688026
2021-11-22,330.7134513402217,310.75511003384185,350.2403226016555
2021-11-23,331.3054013592185,310.6482581752673,351.46772496085475
2021-11-24,332.33529908626696,312.9000147625896,353.2094484733607
2021-11-26,333.22456052289687,311.9877654774114,352.7662807152078
2021-11-29,335.724601648223,315.0779788165879,357.981655386321
2021-11-30,335.9949423414507,315.6221905906775,356.5929145795057
2021-12-01,336.65550252428176,315.2725543723207,355.46893539558044
2021-12-02,336.70148824153756,315.4459178099192,357.2641548313406
2021-12-03,336.69789329548513,315.20056947735213,355.7548852103567
2021-12-06,337.8274822232476,318.54795035667104,357.2806067027163
2021-12-07,337.66660385838264,317.34787202708435,359.3397082718976
2021-12-08,337.93169203634403,317.41987361710295,357.59225833824894
2021-12-09,337.63136949591967,317.65183322681855,357.80367856503756
2021-12-10,337.34325539785226,316.99938739563845,357.55882203085247
2021-12-13,338.0966481098003,316.39747877719435,358.06465303667983
2021-12-14,337.99621922763964,318.6775632876582,357.44410412716235
2021-12-15,338.4227142555454,317.09708166495943,359.33105010907343
2021-12-16,338.3859787904456,317.15120192051364,359.0854998940382
2021-12-17,338.46230850971085,316.62803081722234,359.0383390519422
2021-12-20,340.86289714095534,320.02981086467844,360.7445981377626
2021-12-21,341.4670731280345,321.01822479344656,361.55693556937524
2021-12-22,342.65605650095426,322.9879353243462,363.6338263613296
2021-12-23,343.4251089819786,323.28287234581603,363.6236902598441
2021-12-27,349.2290712920536,328.9939603707989,371.08319138549115
2021-12-28,350.60501512485524,330.26597886392983,371.47987406242476
2021-12-29,352.5082711202297,333.5105310044581,371.9999046734751
2021-12-30,353.91895909695756,333.69389614424375,373.57660719084413
2021-12-31,355.3838777869593,335.80996141597154,375.5155317526875
2022-01-01,383.7705283942544,364.47973323192457,404.3781510511494
2022-01-02,385.5492478299773,364.5258306710535,406.4288162584347
2022-01-03,361.3205063612332,340.8366161230971,380.8961840883137
2022-01-04,362.8119252763969,342.8660361808652,383.6870605405288
2022-01-05,364.70907903492747,344.0778453166504,384.65060668153444
2022-01-06,365.9926829790864,345.51246796792907,385.8871792065487
2022-01-07,367.21274958390563,347.15958442320834,388.7057378937989
2022-01-08,395.2425035684402,374.64761057919304,415.9211079828233
2022-01-09,396.5603424894558,377.0598380582038,418.14707212931876
2022-01-10,371.77690266681043,351.1772240420207,393.61213641479054
2022-01-11,372.6317927571549,351.8950550445845,392.1360947044746
2022-01-12,373.82406755846796,355.2621104302507,393.74331866862934
2022-01-13,374.34905240703984,353.2003686456539,394.69849927055986
2022-01-14,374.77211132718185,356.0803342490814,395.7087961712758
2022-01-15,401.98216004958385,382.9189974162279,422.40400396833417
2022-01-16,402.4732216130112,382.9244067146834,422.0733549766793
2022-01-17,376.8710954816803,357.2353512100314,397.05042190217137
2022-01-18,376.92971324930954,357.33291206979175,397.82107890494467
2022-01-19,377.36126364504133,356.3563736870863,397.36981043467307
2022-01-20,377.1727064254425,358.35623311650085,396.82679128947734
2022-01-21,376.9392763760269,355.4813355309358,396.84284414852516
2022-01-22,403.55778522134256,383.881744558877,425.37843201627976
2022-01-23,403.52802428395626,384.12106007360364,425.45767417325095
2022-01-24,377.4793422607284,357.78724860082417,400.0888707279984
2022-01-25,377.1669728494822,356.2560636386378,398.1744215450934
2022-01-26,377.30219480121735,355.60887563287,398.18185450961744
2022-01-27,376.8889420558522,356.6047648100999,397.3723303420074
2022-01-28,376.49746154832627,355.71679602797917,397.55018973566854
2022-01-29,403.01782125469043,383.8787857221907,423.45278864048106
2022-01-30,402.94156466250416,382.237504541065,424.1292741529795
2022-01-31,376.8885781558944,356.8872692989401,397.1131782062203
2022-02-01,376.60373718781227,356.6051228019563,397.0701721726541
2022-02-02,376.7874042341572,356.4001471606637,395.04710459184935
2022-02-03,376.4323861753867,356.30367233732403,396.67073354569425
2022-02-04,376.0979385365853,355.94662357883897,397.4582459315209
2022-02-05,402.66360915610403,381.66578693481017,421.71861906667345
2022-02-06,402.6112079092719,381.9007560961484,422.4131599104153
2022-02-07,376.5519601374229,355.0687426780805,398.7500691639568
2022-02-08,376.2234017774276,355.7809417640163,396.85244504823334
2022-02-09,376.32008249602336,356.444401822562,396.84574843310645
2022-02-10,375.8306791501457,355.5227127561613,398.4408939639129
2022-02-11,375.3121031878365,354.9442858381005,395.3380287559689
2022-02-12,401.6433923478238,380.95289080319026,422.66908763529887
2022-02-13,401.30767272095176,380.6086252269648,422.03223176010437
2022-02-14,374.91924991185033,355.581260972069,396.07160100599737
2022-02-15,374.22038997948897,351.55855492721054,395.35264398443275
2022-02-16,373.91186064930804,352.17504877475193,395.30274856403014
2022-02-17,372.98984066378006,350.45082976187445,393.88345089311264
2022-02-18,372.0197876150529,351.0218642395273,393.12982145116064
2022-02-19,397.89006231247953,375.8166030697866,418.3229664891609
2022-02-20,397.0936041721118,376.7229241375632,418.39864142538033
2022-02-21,370.25472525720573,349.7624298461449,391.25458267428087
2022-02-22,369.12559273548504,347.93830596306674,390.66934645069443
2022-02-23,368.4164792563565,349.0645146956738,389.8990888257054
2022-02-24,367.1323977750993,345.558410250897,388.17996774252373
2022-02-25,365.8467192239211,345.5649604609626,387.26135177312676
2022-02-26,391.4545782961155,370.19632974912196,413.2566477970752
2022-02-27,390.4543679931371,369.4781155320711,412.5584966419099
2022-02-28,363.4743954950874,342.60759184039887,385.1564489486628
2022-03-01,362.26927269528846,340.60630855076306,382.9799276475306
2022-03-02,361.55012300385084,339.6916226583076,382.47669155673543
2022-03-03,360.3212215533694,340.37988906613947,381.48709555448113
2022-03-04,359.153666288009,335.6265451762371,380.2747989951685
2022-03-05,384.93888281859364,364.1622549539724,407.0069493462793
2022-03-06,384.17025992228093,361.171421351056,405.59399974199493
2022-03-07,357.4699832226365,336.1418175519989,379.18954845705707
2022-03-08,356.58563427415055,334.44682084764474,378.02857208585465
2022-03-09,356.2206296498561,332.89895550938684,378.848745127806
2022-03-10,355.3711094906991,334.01876833841754,378.6855774330641
2022-03-11,354.5998649003487,331.73279716870434,376.75147777397615
2022-03-12,380.790098801535,359.49925759891016,402.8645445774045
2022-03-13,380.42730895720354,357.3037338797052,403.2156713701745
2022-03-14,354.1263528606519,332.23990544206896,376.2975136439838
2022-03-15,353.6282544743731,331.4288608196411,377.34289214428657
2022-03-16,353.63082098645236,329.8030039058249,375.34149084855125
2022-03-17,353.12567361523526,329.03840430425555,375.8936452017395
2022-03-18,352.6722775983808,330.9106059711503,373.7786537295404
2022-03-19,379.1517630317195,356.60843702471067,400.6448208661234
2022-03-20,379.0488237023609,356.8577178349497,400.84539309672783
2022-03-21,352.978753493722,330.0584646697338,374.34565900618907
2022-03-22,352.68418164785385,330.3183559226076,373.164481119358
2022-03-23,352.865577748247,329.22212833818077,377.422173766451
2022-03-24,352.5181344462072,328.59320407438867,376.04469815026647
2022-03-25,352.2056182292853,329.49783647137787,374.82496002091005
2022-03-26,378.8139860669145,355.9663099741468,404.3361747072293
2022-03-27,378.8330620542154,355.5356543420283,402.9161710051521
2022-03-28,352.8833411985487,331.028927799316,376.9426154439799
2022-03-29,352.7124895486896,329.2864100061396,376.73948014350856
2022-03-30,353.02561954095285,330.1765049452855,375.09899859258877
2022-03-31,352.8219564428653,328.11729259474174,377.2738705516915
2022-04-01,352.6684936430314,328.6231633853264,376.2591746711749
2022-04-02,379.4534414311222,353.9195010846938,404.70989807140865
2022-04-03,379.667769337766,355.23770460714843,402.84426111644694
2022-04-04,353.9319140753024,331.17615039555864,378.54749974106585
2022-04-05,353.9922259666782,330.0507777000682,378.26892983039613
2022-04-06,354.551235090065,331.46383018472756,377.53362147668577
2022-04-07,354.604353959096,330.93960290369665,379.3623461381143
2022-04-08,354.7136139759271,329.3152466521016,377.344527724018
2022-04-09,381.7612383427463,356.52999606260926,405.8442791890719
2022-04-10,382.23134815184034,357.09479720827767,409.0478597774685
2022-04-11,356.7368690451288,331.4035019522077,380.87681956203164
2022-04-12,357.0162055190669,330.8323061874846,381.09701580908353
2022-04-13,357.76375729670184,331.06654271350544,382.17252848583666
2022-04-14,357.96688699606943,333.0584371814831,384.4144292570004
2022-04-15,358.1799281779,333.3007646909408,384.0894771998045
2022-04-16,385.27802799259825,358.7098866135588,408.93425261378445
2022-04-17,385.73911262465793,361.25351041844,409.106469840419
2022-04-18,360.1710346092115,333.0721146566933,384.7828072435358
2022-04-19,360.30846124136866,333.98000170026023,386.13754768308735
2022-04-20,360.84357135227003,334.1936912540331,387.4776405069311
2022-04-21,360.76316346175275,336.3222670668225,386.38466503293967
2022-04-22,360.622759298725,334.4010544607517,385.9890705483989
2022-04-23,387.30049311083445,359.07076206211633,412.3030072474365
2022-04-24,387.27907257875256,361.50805608228717,414.60495665202274
2022-04-25,361.17286953534773,335.1000500587114,388.7040485067489
2022-04-26,360.7247003745553,333.6527912701434,386.41010301361047
2022-04-27,360.6363656301252,333.6971713298956,387.5251193896697
2022-04-28,359.90555542516745,330.4872342260246,387.7749096206099
2022-04-29,359.099709864728,330.5236225650398,386.8088633989844
2022-04-30,385.10963112514804,357.1150067948439,412.1025807820732
2022-05-01,384.4311404626223,355.3208713851702,411.3576528735494
2022-05-02,357.6918466134231,329.92537965257634,384.8356356386487
2022-05-03,356.647594369193,326.99603701717734,386.09864003578224
2022-05-04,356.01267208156816,327.0691369586886,384.48123688779
2022-05-05,354.7963941676366,323.94422687032295,381.4704894690583
2022-05-06,353.57665689353246,324.1553399525703,381.7198557196412
2022-05-07,379.2532729486632,350.3659318069627,408.38150844075744
2022-05-08,378.3293860954769,349.91045734649043,404.68706468232824
2022-05-09,351.4380394844077,322.09030036310565,379.33890464589365
2022-05-10,350.3384723888043,319.7778893448026,377.8975498174394
2022-05-11,349.7462287449356,320.0980128870135,377.54120292020554
2022-05-12,348.6696967290955,317.64466676470573,375.17778111699073
2022-05-13,347.6836792316444,316.7899946698567,377.23907784026466
2022-05-14,373.6828006949654,342.6504289340577,401.99071722996325
2022-05-15,373.16304991818373,342.50456293053287,403.75885146606555
2022-05-16,346.748529141897,315.9320332706389,377.3323468912123
2022-05-17,346.187979382712,313.7917339799353,372.6308596579826
2022-05-18,346.1851592438267,315.7429577368196,376.82171958311187
2022-05-19,345.7356890705573,318.374225150935,374.4271292768455
2022-05-20,345.4009519518281,313.16519073348366,375.53381760988515
2022-05-21,372.06184791918866,340.8008469463176,402.1720212274769
2022-05-22,372.2006913317234,340.49561064392765,404.3503431731188
2022-05-23,346.4283119243052,312.7493905696355,379.01790364678743
2022-05-24,346.48091971043743,311.50912528484776,378.80922390361513
2022-05-25,347.05080153309694,314.6638986198904,380.08173549185585
2022-05-26,347.12345230571333,314.85773147447287,377.9378783037106
2022-05-27,347.25172449171396,312.4314529617241,378.53013524473556
2022-05-28,374.30978531418134,342.3892131082099,405.37892168660295
2022-05-29,374.7751661212587,341.6134068705428,406.5189542101486
2022-05-30,349.25596027731126,315.816495381632,381.248894570005
2022-05-31,349.48772724185255,315.38342743773626,380.9943518261017
2022-06-01,350.16416974279235,316.3814800563977,382.7144529905762
2022-06-02,350.27418788087215,316.5625459188573,383.9500992219411
2022-06-03,350.37589615259964,313.52673938628277,383.43482144286895
2022-06-04,377.35039690601616,343.26821414814486,408.9677978496932
2022-06-05,377.6836001371546,341.2245453706427,412.04518976859873
2022-06-06,351.9931527874807,313.9064721008436,384.005581457001
2022-06-07,352.0250430942972,317.28271982398974,383.0272818309864
2022-06-08,352.4839556725377,316.60436859687877,387.53386048628624
2022-06-09,352.369990555772,316.8622401835842,388.12340764089294
2022-06-10,352.2523419238104,315.0077876450212,389.62450248204937
2022-06-11,379.02273983748466,341.83754819550865,413.0001930727817
2022-06-12,379.17695447664545,343.6408898563156,416.64585092762235
2022-06-13,353.3414351319859,314.27674554352905,388.6818602146351
2022-06-14,353.26965783334737,315.7811351351287,389.46908293884127
2022-06-15,353.67226462406154,316.16002147471266,388.86414917809134
2022-06-16,353.5536138250261,315.97268324785176,388.17585752955887
2022-06-17,353.485341746212,314.8358586310776,390.69036274241944
2022-06-18,380.3597423703096,341.7811311206983,415.2829019202038
2022-06-19,380.6712660964585,340.0566223574767,418.5514467161838
2022-06-20,355.04320972740436,316.1281390302967,393.47809637073203
2022-06-21,355.2241698654369,313.48594524664276,391.073280120011
2022-06-22,355.91833940655806,314.9967874949764,394.97856559899583
2022-06-23,356.1222616637706,316.1395810920378,394.0761906095011
2022-06-24,356.3986364039855,317.366635557008,395.1134434726847
2022-06-25,383.62997698297653,345.0107097280913,421.7958967162154
2022-06-26,384.3004113709243,342.54061403926454,422.58154303748415
2022-06-27,359.0226902467931,318.6175161722212,396.8205399463153
2022-06-28,359.5349648813081,317.3555788638869,397.7955370308265
2022-06-29,360.5314048845182,317.2054296823678,399.30064712480083
2022-06-30,360.9992608543421,319.4181632460666,399.25420116575725
2022-07-01,361.49295711099927,318.73585071270753,401.22354452270685
2022-07-02,388.8880052650535,347.7512838958805,429.93573216699906
2022-07-03,389.66302388286925,343.334182738363,430.7508362023908
2022-07-04,364.42692102694656,320.3088091709933,402.67277814476984
2022-07-05,364.91579730524427,323.2932374227253,405.0746173598473
2022-07-06,365.8236358780402,322.7540163022249,407.43214537817653
2022-07-07,366.13938239786665,321.0297518663829,408.26437064777474
2022-07-08,366.42099962627395,321.713343433938,408.112128782964
2022-07-09,393.5492886659106,348.09248368807897,432.98214340963483
2022-07-10,394.00976485461416,348.72030427391525,438.0714691509915
2022-07-11,368.4196493887318,321.3395656563545,409.7091634258357
2022-07-12,368.5245399759404,321.68569172868706,408.7011269216694
2022-07-13,369.02883384259127,322.4789469222679,413.4631158095713
2022-07-14,368.9325139440238,322.15117493848214,412.5223474991852
2022-07-15,368.8048917676369,322.521860433274,411.2443919643336
2022-07-16,395.538107819729,346.47593479378105,435.22763695349545
2022-07-17,395.6286872376853,346.1896885760115,441.1261789595674
2022-07-18,369.7042209484162,319.3603250118874,414.43655004115925
2022-07-19,369.5197447164394,320.4224361425102,415.01843129123694
2022-07-20,369.78789786639413,319.62516973205976,419.6711931043666
2022-07-21,369.5154801603885,321.4972129992751,413.131081521679
2022-07-22,369.277006801131,318.1066661602991,417.4966364543713
2022-07-23,395.9680679880098,347.14131690115846,444.791581343264
2022-07-24,396.086794405377,344.10162196025556,441.9957423872887
2022-07-25,370.2605014945656,320.28510450092375,418.3786136848696
2022-07-26,370.2420857007132,316.9088961946498,416.119327481721
2022-07-27,370.74025373180086,318.2633196687701,415.02516450576417
2022-07-28,370.75620099163433,317.8859109996015,417.28493693582993
2022-07-29,370.85733533861827,319.56212374608805,419.0100942253657
2022-07-30,397.93084740156405,344.63267590617977,446.2898692011157
2022-07-31,398.4654224132806,343.91711660290747,446.4981726150529
2022-08-01,373.0781589700458,320.10603277554776,421.8186616889225
2022-08-02,373.511259662114,321.73722418327316,423.54336031154867
2022-08-03,374.46256581633804,320.0666809875675,424.9868630486135
2022-08-04,374.9225434254414,321.7422446015904,423.699365437229
2022-08-05,375.44830731425,320.187929126654,426.0377344969019
2022-08-06,402.91747592734055,349.64474445538406,453.1490419194077
2022-08-07,403.81014337437153,349.415908555381,454.40055211963085
2022-08-08,378.73602658019803,321.0182674698421,429.2461595119556
2022-08-09,379.4313459220636,322.3969951276573,429.1437773779295
2022-08-10,380.58950621166775,322.86490701092356,433.257166429822
2022-08-11,381.1981810632867,324.52821482659874,432.0662563061295
2022-08-12,381.8133851227922,325.0580019961684,435.48825784050695
2022-08-13,409.31332550370405,349.37680891547416,462.51180955366794
2022-08-14,410.18031958736884,353.6450703320287,462.8265412419527
2022-08-15,385.0278391017676,328.08725473821494,438.62344116250523
2022-08-16,385.5972423972247,325.42424494167483,441.0784977004919
2022-08-17,386.58826668238913,326.24513955245015,441.8933869156229
2022-08-18,386.99588937711286,327.2618419731039,440.62943579888446
2022-08-19,387.3841501947604,327.1964225218178,442.64186445985956
2022-08-20,414.6397332449812,355.24708793459956,467.3568857619041
2022-08-21,415.25360481677967,354.3992426525273,472.25387004365774
2022-08-22,389.84777556210383,326.53595365582987,445.12372550784244
2022-08-23,390.17175783223763,330.7867311607316,445.6123989119757
2022-08-24,390.9327985303072,329.19144633164314,446.25376235151924
2022-08-25,391.132504727339,328.3453886418509,449.1420475624667
2022-08-26,391.3404610042801,327.77172262236417,446.2914546016407
2022-08-27,418.4476441793704,354.8167325930355,474.30391224892224
2022-08-28,418.9479362833284,357.41172273134544,474.4115581554855
2022-08-29,393.46480837335156,328.3616379594274,451.4251663273361
2022-08-30,393.74774836048243,329.2326709617001,449.85857660680006
2022-08-31,394.5025141086568,329.66940943729975,451.61541546161317
2022-09-01,394.72782839539127,335.1397231886614,451.51311772307815
2022-09-02,394.98911249888664,330.8363532730477,453.59196401303655
2022-09-03,422.1720604025538,355.6661887606196,479.74046013060575
2022-09-04,422.7643494478051,357.4148242331372,481.0606812039707
2022-09-05,397.3825537806227,330.2898245740064,455.26245058801345
2022-09-06,397.76882650068575,333.06909230596136,459.15832317217837
2022-09-07,398.62142369926386,329.55748893901887,460.81200242425166
2022-09-08,398.93167834765114,329.0441376546716,461.46049118567123
